1,Cliente1
2,Cliente2
3,Cliente3
4,Cliente4
5,Cliente5
6,Cliente6
7,Cliente7
8,Cliente8
9,Cliente9
10,Cliente10
11,Cliente11
12,Cliente12
13,Cliente13
14,Cliente14
15,Cliente15
16,Cliente16
17,Cliente17
18,Cliente18
19,Cliente19
20,Cliente20
21,Cliente21
22,Cliente22
23,Cliente23
24,Cliente24
25,Cliente25
26,Cliente26
27,Cliente27
28,Cliente28
29,Cliente29
30,Cliente30
31,Cliente31
32,Cliente32
33,Cliente33
34,Cliente34
35,Cliente35
36,Cliente36
37,Cliente37
38,Cliente38
39,Cliente39
40,Cliente40
41,Cliente41
42,Cliente42
43,Cliente43
44,Cliente44
45,Cliente45
46,Cliente46
47,Cliente47
48,Cliente48
49,Cliente49
50,Cliente50
51,Cliente51
52,Cliente52
53,Cliente53
54,Cliente54
55,Cliente55
56,Cliente56
57,Cliente57
58,Cliente58
59,Cliente59
60,Cliente60
61,Cliente61
62,Cliente62
63,Cliente63
64,Cliente64
65,Cliente65
66,Cliente66
67,Cliente67
68,Cliente68
69,Cliente69
70,Cliente70
71,Cliente71
72,Cliente72
73,Cliente73
74,Cliente74
75,Cliente75
76,Cliente76
77,Cliente77
78,Cliente78
79,Cliente79
80,Cliente80
81,Cliente81
82,Cliente82
83,Cliente83
84,Cliente84
85,Cliente85
86,Cliente86
87,Cliente87
88,Cliente88
89,Cliente89
90,Cliente90
91,Cliente91
92,Cliente92
93,Cliente93
94,Cliente94
95,Cliente95
96,Cliente96
97,Cliente97
98,Cliente98
99,Cliente99
100,Cliente100