1,20,mesaEditada1
2,21,mesaEditada2
3,22,mesaEditada3
4,23,mesaEditada4
5,24,mesaEditada5
6,25,mesaEditada6
7,26,mesaEditada7
8,27,mesaEditada8
9,28,mesaEditada9
10,29,mesaEditada10
11,30,mesaEditada11
12,31,mesaEditada12
13,32,esaEditada13
14,33,mesaEditada14
15,34,mesaEditada15
16,35,mesaEditada16
17,36,mesaEditada17
18,37,mesaEditada18
19,38,mesaEditada19
20,39,mesaEditada20
21,40,mesaEditada21
22,41,mesaEditada22
23,42,mesaEditada23
24,43,mesaEditada24
25,44,mesaEditada25
26,45,mesaEditada26
27,46,mesaEditada27
28,47,mesaEditada28
29,48,mesaEditada29
30,49,mesaEditada30
31,50,mesaEditada31
32,51,mesaEditada32
33,52,mesaEditada33
34,53,mesaEditada34
35,54,mesaEditada35
36,55,mesaEditada36
37,56,mesaEditada37
38,57,mesaEditada38
39,58,mesaEditada39
40,59,mesaEditada40
41,60,mesaEditada41
42,61,mesaEditada42
43,62,mesaEditada43
44,63,mesaEditada44
45,64,mesaEditada45
46,65,mesaEditada46
47,66,mesaEditada47
48,67,mesaEditada48
49,68,mesaEditada49
50,69,mesaEditada50
51,70,mesaEditada51
52,71,mesaEditada52
53,72,mesaEditada53
54,73,mesaEditada54
55,74,mesaEditada55
56,75,mesaEditada56
57,76,mesaEditada57
58,77,mesaEditada58
59,78,mesaEditada59
60,79,mesaEditada60
61,80,mesaEditada61
62,81,mesaEditada62
63,82,mesaEditada63
64,83,mesaEditada64
65,84,mesaEditada65
66,85,mesaEditada66
67,86,mesaEditada67
68,87,mesaEditada68
69,88,mesaEditada69
70,89,mesaEditada70
71,90,mesaEditada71
72,91,mesaEditada72
73,92,mesaEditada73
74,93,mesaEditada74
75,94,mesaEditada75
76,95,mesaEditada76
77,96,mesaEditada77
78,97,mesaEditada78
79,98,mesaEditada79
80,99,mesaEditada80
81,100,mesaEditada81
82,101,mesaEditada82
83,102,mesaEditada83
84,103,mesaEditada84
85,104,mesaEditada85
86,105,mesaEditada86
87,106,mesaEditada87
88,107,mesaEditada88
89,108,mesaEditada89
90,109,mesaEditada90
91,110,mesaEditada91
92,111,mesaEditada92
93,112,mesaEditada93
94,113,mesaEditada94
95,114,mesaEditada95
96,115,mesaEditada96
97,116,mesaEditada97
98,117,mesaEditada98
99,118,mesaEditada99
100,119,mesaEditada100